question,correct_answer,correct_index
In what type of dissociative disorder does the patient feel distanced as if he were an external observer of his body or mental processes ?:,None of the above,2
Amalia is a 3 year old girl who has been operated on tetralogy of Fallot. He also presented a thymic dysfunction in the neonatal period and a hypocalcemia as well as a nasal voice together with psychomotor retardation. What genetic test do you consider most appropriate to reach your etiological diagnosis?,None of the above,0
Nick oxide is synthesized from?,None of the above,0
Parasitic infestation which can lead to malabsorption syndrome?,None of the above,3
"In a patient diagnosed with pneumonia and with metaneumonic pleural effusion in 2/3 of the right hemithorax, which of the following sign associations is frequent to observe?",None of the above,2
"A 36-year-old woman, gravida 3, para 2, at 31 weeks' gestation comes to the emergency department because of painless, bright red vaginal bleeding for one day. She has not felt any contractions. Her other children were delivered by Cesarean section because of breech position. Fetal heart rate is reactive with no decelerations. Which of the following findings is most likely on ultrasound?",None of the above,2
Nucleus ambiguus is not associated with which cranial nerve:,None of the above,3
"A 50 years old patient presented with progressive jaundice. Liver function test was done in which conju!gated serum bilirubin-4.8% and total bilirubin-6.7%, alkaline phosphatase- 550 IU, SGOT-50, SGPT-65. Most probable diagnosis is;",None of the above,0
Linoleic acid is -,None of the above,1
"A 42-year-old man is being treated by his female family medicine physician for chronic depression. Recently, he has been scheduling more frequent office visits. He does not report any symptoms or problems with his SSRI medication during these visits. Upon further questioning, the patient confesses that he is attracted to her and says ""You are the only one in the world who understands me"". The physician also manages his hypertension. Which of the following is the most appropriate next step in management?",None of the above,1
"In a patient with obstructive jaundice, what is the possible explanation for a bilirubin level of 40 mg/dL?",None of the above,2
"A 39-year-old woman is brought to the emergency room by her fiancé for severe abdominal pain for the past 5 hours. She was watching TV after dinner when she felt a sudden, sharp, 10/10 pain at the epigastric region that did not go away. Ibuprofen also did not help. She reports recurrent abdominal pain that would self-resolve in the past but states that “this one is way worse.” Her past medical history is significant for diabetes and an appendectomy 2 years ago. The patient endorses nausea and 1 episode of emesis, but denies fevers, chills, chest pain, shortness of breath, diarrhea, constipation, urinary symptoms, paresthesia, or weakness. She used to smoke marijuana in college and drinks about 2 beers a week. A physical examination demonstrates an overweight woman in acute distress with diffuse abdominal tenderness. Her vitals are within normal limits. Laboratory values are shown below:

Hemoglobin: 12 g/dL
Hematocrit: 34%
Leukocyte count: 4,900/mm^3 with normal differential
Platelet count: 160,000/mm^3

Serum:
Na+: 138 mEq/L
Cl-: 98 mEq/L
K+: 4.8 mEq/L
HCO3-: 25 mEq/L 
Glucose: 123 mg/dL
Ca2+:  6.9 mg/dL
AST: 387 U/L
ALT: 297 U/L
ALP: 168 U/L
Lipase: 650 U/L (Normal 0 – 160 U/L)

What is the best next step in the workup of this patient?",None of the above,2
"Relieve pain patients on principle, Which statement is correct?",None of the above,1
Anti epileptic of choice in pregnancy is?,None of the above,3
Age of preoperational stage is,None of the above,1
Which of the following causes of malabsorption occurs with alteration of the intestinal mucosa ?:,None of the above,2
Gas chromatography is the method of choice for the separation of substances:,None of the above,0
What neurotransmitter has been associated with the development of Obsessive Compulsive Disorder ?:,None of the above,0
Stimulated saliva as compared to unstimulated saliva has more,None of the above,0
Indicate which of the following monoclonal antibodies has demonstrated its efficacy in the treatment of paroxysmal nocturnal hemoglobinuria:,None of the above,2
"3-grade homework Li Xiaodi recent setbacks, the teacher said he often trance in class, sometimes also moving around the mouth, I do not know what to eat; ask him afterwards, he was always very innocent, said: In the ""no ah!"" Please Li Xiaodi outpatient continuous deep breathing three minutes, the results do half of what he started in a daze. Following a check that Li Xiaodi most diagnosed disease?",None of the above,2
"The equation that describes the effect of the dielectric constant of the solvent on the velocity constant of the reactions in solution between ionic compounds, predicts that:",None of the above,3
The breath test for the diagnosis of Helicobacter pylori depends on the production by the bacteria of:,None of the above,1
"According to the model of the Big Five, in what dimension would an imaginative, creative woman, interested in new ideas and experiences, score high ?:",None of the above,1
The most characteristic feature of basal cell carcinoma is:,None of the above,2
Pain receptors are ?,None of the above,2
A patient presented with a steering wheel injury to the right side of chest with breathlessness and shock. How will you differentiate tension pneumothorax and cardiac tamponade?,None of the above,2
"68. ketoacidosis body of the patient ketone bodies (ketone body) is constituted by those of the following substances? ① acetyl acetic acid (acetoacetate) ②β- hydroxybutyric acid (β-hydroxybutyrate) ③ acetone (acetone) ④α- oxoglutarate (α-ketoglutarate)
",None of the above,2
"Presented edema, oliguria and frothy urine. He has no past history of similar complaints. On examination, his urine was positive for 3+ proteinuria, no RBCs/WBCs and no casts. His serum albumin was 2.5 gm/L and serum creatinine was 0.5 mg/dL. The most likely diagnosis is:",None of the above,0
"A 26 years old female presented with mild pain in lower abdomen. She has had 2 full-term normal delivery earlier. Her last menstrual period was 3 weeks back. On pelvic examination, you find a palpable mass in the adnexa. On USG pelvis, you find a 5 cm ovarian cyst. What should be your next step?",None of the above,0
Golgi bodies function as:,None of the above,2
"A 14-year-old Caucasian male of normal weight presents for a well-child checkup. During physical examination, his parents state that their son has been frequenting the bathroom more often than usual and his weight has decreased despite an increase in his caloric intake. Which of the following is most consistent with their son's symptoms?",None of the above,0
While treating patients with malignant hypeention the maximum allowed decrease in blood pressure in the first 2 - 6 hours should not exceed %,None of the above,2
"A 50-year-old man presents to his primary care doctor following an inguinal hernia repair. The patient reports no pain in his lower abdomen or groin, no constipation, and states that he enjoys his usual diet. He denies any use of alcohol, tobacco, or illicit drugs. He has returned to work as a cruise ship attendant. Preoperative workup included chest radiography which demonstrated an opacification in his right middle lobe. The patient agrees to undergo computed tomography (CT) of his chest without contrast for further evaluation. The radiologist reports an 8 mm nodule in the patient's peripheral right middle lobe that has regular margins and appears calcified. One year later, the patient obtains another chest CT without contrast that reports the nodule size as 10 mm with similar characteristics. What is the most appropriate next step in management?",None of the above,1
"Sequential arrangement question on JVP. Staing with ""a"" wave. A-First hea sound B-T wave C-R wave D-Rapid ejection phase",None of the above,2
Man-made dentin is:,None of the above,1
'Pica' (urge to eat non-edible things like mud or clay) is characteristically seen in:,None of the above,0
"A 45-year-old man presents to his primary care provider for two weeks of low-grade fever and sore throat. Upon further questioning, the patient is found to have unprotected sex with both men and women with 3-5 partners per month. On workup, he is found to have an HIV viral load of 15,000 copies/mL with a CD4+ of 170 cells/mm^3. He is started on medical therapy. What should be included in his medication regimen?",None of the above,2
Which of the following bacterial genetic elements necessarily encodes a transposase ?:,None of the above,0
What is the correct answer regarding cervical cancer ?:,None of the above,2
What is the thickness of cement-dentinal junction?,None of the above,1
"If the maxillary deciduous central incisors are over retained, the permanent central incisors erupt:",None of the above,0
Hyoid bone is at which vertebral level?,None of the above,1
Earliest valvular lesion in a case of acute rheumatic fever is –,None of the above,0
"Mario G. has undergone surgery and has undergone an esophagectomy due to esophageal cancer. In the postoperative period, tolerance begins with a liquid diet and Mario begins to have intense pain, fever and dyspnea. The nursing staff knows that these symptoms are indicative of:",None of the above,3
The property of amalgam that makes it undesirable to bevel occlusal margins of an amalgam cavity preparation is its:,None of the above,2
"A 42-year-old male was found in the neck and lower face has a prominent lump; and the patient complained of swallowing a foreign body sensation, speech can not speak for too long. After checking into the hospital, neck ultrasound found the left lobe of the thyroid echo of local low and associated with calcification, left cervical lymph nodes swollen. Blood tests show normal thyroid function, but calcitonin (Calcitonin) and carcinoembryonic antigen (CEA) are high. Which of the following is the most likely diagnosis?",None of the above,2
Halita a mouth wash includes:,None of the above,3
In Prinzmetal’s angina,None of the above,3
"A 38-year-old imprisoned man is brought to the physician after going on a hunger strike for 36 hours. During this time, he has only had two cups of water. Physical examination shows dry mucous membranes. His serum glucose concentration is 70 mg/dL. Which of the following enzymes contributes most to maintaining a normal serum glucose level in this patient?",None of the above,0
Which is derived from wolfian duct ?,None of the above,2
The following related osteoclasts (osteoclasts) of the statements is true?,None of the above,0
Laxative abuse causes which of the following renal stones ?,None of the above,1
Most useful test in vesicovaginal fistula?,None of the above,0
Complication of Benign Ovarian Cysts is ?,None of the above,3
"There is a baby boy found anorectal disease (imperforate anus) after birth, meconium with urine, he is that kind of disease?",None of the above,1
The joint which histologically & morphologically best simulate the TMJ is,None of the above,2
Which is the investigation of choice for staging of a lower limb sarcoma ?,None of the above,0
"Which of the following classification uses the ""canine law"" malocclusion in a sagittal direction",None of the above,1
Anti Jo-1 antibodies are a feature associated with?,None of the above,2
"Factor in the renewal of high blood coagulation state (hypercoagulable states), the risk of thrombosis Which of the following relative minimum?",None of the above,3
The following enzyme is responsible for thirst mechanism during dehydration?,None of the above,0
"A 27-year-old man presents to the emergency department after a motor vehicle collision. The patient was the front seat unrestrained driver in a head on collision. The patient’s echocardiogram (ECG) is notable only for sinus tachycardia. His temperature is 99.5°F (37.5°C), blood pressure is 107/58 mmHg, pulse is 120/min, respirations are 17/min, and oxygen saturation is 98% on room air. The patient is given 2 liters of Ringer lactate solution and morphine. Initial workup demonstrates that the patient’s pulmonary capillary wedge pressure and troponins are elevated. The patient is currently complaining of chest pain. Physical exam is notable for an uncomfortable young man with bruising over his chest wall. Which of the following is the most likely diagnosis?",None of the above,0
Point out the most common causative agent of community-acquired pneumonia:,None of the above,0
"A 72-year-old man comes to the physician because of a 2-month history of fatigue and worsening abdominal pain. During this period, he also has excessive night sweats and shortness of breath on exertion. Over the past 3 months, he has had a 5.6-kg (12-lb) weight loss. He had a myocardial infarction 3 years ago. He has hypertension, diabetes mellitus, and chronic bronchitis. His medications include insulin, aspirin, lisinopril, and an albuterol inhaler. He has smoked half a pack of cigarettes for the past 45 years. Vital signs are within normal limits. The spleen is palpated 6 cm below the left costal margin. Laboratory studies show:
Hemoglobin 6.4 g/dL
Mean corpuscular volume 85 μm3
Leukocyte count 5,200/mm3
Platelet count 96,000/mm3
A blood smear is shown. Bone marrow aspiration shows extensive fibrosis and a few scattered plasma cells. A JAK 2 assay is positive. Which of the following is the most appropriate next step in management?""",None of the above,3
"A 29-year-old primigravid woman at 35 weeks' gestation is admitted to the hospital in labor. She has no history of serious medical illness. She has had an uncomplicated pregnancy. Her last ultrasound at 22 weeks' gestation was normal. On admission, fetal heartbeats cannot be detected by fetal doppler monitor. Ultrasound shows decreased amniotic fluid levels and no evidence of fetal movement, respiration, or heart activity. The patient gives birth to a 2296 g (5 lb 1 oz) male infant. Physical examination shows no signs of life. There are no visible malformations. The placenta is unremarkable. Which of the following is the most appropriate next step in management?",None of the above,1
"A 60-year-old man with extensive ulcerative colitis of 15 years of evolution and in clinical remission in the last 3 years, comes to our consultation to learn about the risk of colorectal cancer and the possibility of participating in prevention programs. It is correct to inform you that:",None of the above,2
"Before a patient with traumatic brain injury, what score on the Glasgow Coma Scale does it show if we observe that it emits inappropriate words, opens its eyes when speaking to it and makes a withdrawal response when applying a painful stimulus ?:",None of the above,1
The burrows in scabies are present in?,None of the above,2
Tache noire de salenoica is a postmoem finding is related to,None of the above,0
Ulnar nerve (ulnar nerve) when damaged thumb what action can not be carried out?,None of the above,2
Exudative retinal detachment (exudative retinal detachment) of the most valuable diagnostic features Why?,None of the above,1
Incontinentia pigmenti involves all exept ?,None of the above,3
Maximum cumulative dose of isotretinoin shouldn't exceed for acne treatment ?,None of the above,3
Which of the following is true about Chi-square test?,None of the above,2
Artery of 4th pharyngeal arch:,None of the above,1
"A 3-month-old boy presents to his pediatrician with persistent diarrhea, oral candidiasis, and signs and symptoms suggestive of respiratory syncytial virus (RSV) pneumonia. His weight is in the 10th percentile. He is being evaluated for an immunodeficiency disease. Laboratory results for the HIV are negative by PCR. Which of the following is the most likely cause of these findings in this patient?",None of the above,0
The lower edge of the gap lungs parietal pleura (pleura) edges as follows:,None of the above,1
The most commonly used laboratory test to distinguish between staphylococci and micrococci is–,None of the above,2
Ideal time to do Glucose challenge test in pregnancy is ?,None of the above,2
Age at which a child should be advised to use toothbrush:,None of the above,0
In gavimetric analysis the phenomenon of occlusion refers to:,None of the above,2
The first confirmed by research vaccination and prevention of human cancer is related that one of the following vaccinations?,None of the above,3
"In order to avoid the occurrence of preterm children glass adenoid disease (hyaline membrane disease) after birth, can give pregnant women in prenatal Which of the following drugs?",None of the above,1
Most common degeneration of fibroids ?,None of the above,1
Oxygen saturation of venous blood is ?,None of the above,2
Which of the following β2 agonists used in the treatment of asthma has an average duration of action (4-8 h) ?:,None of the above,3
Characteristic histopathological feature of basal cell car cinoma is,None of the above,0
Increased LDH helps in diagnosis of?,None of the above,0
"A 52-year-old man presents to the clinic with a headache and dizziness for the past month. The patient reports that about 4 weeks ago he developed a “nagging” headache. He thought he had a cold, so he tried over the counter ibuprofen that provided only mild and temporary relief. Recently, he also started feeling dizzy and nauseous, which only resolves when he steps outside to shovel the snow. The patient’s medical history is significant for hypertension, type II diabetes mellitus, and asthma. His medications include amlodipine, metformin, glimepiride, and a fluticasone/salmeterol inhaler. The patient has been living at his upstate cabin for the past 5 weeks but denies other recent travel. He denies smoking tobacco or illicit drug use. The patient’s temperature is 99°F (37.2°C), blood pressure is 130/78 mmHg, pulse is 72/min, and respirations are 16/min with an oxygen saturation of 98% on room air. The patient is currently asymptomatic while sitting in the office, and physical examination is unremarkable. Labs are drawn, as shown below:

Hemoglobin: 20 g/dL
Hematocrit: 60%
Leukocyte count: 10,050 cells/mm^3 with normal differential
Platelet count: 350,000/mm^3

Which of the following underlies the patient’s most likely diagnosis?",None of the above,3
Which of the following is not a conditioned gingival enlargement:,None of the above,2
"51. One 2 weeks old baby boy, born weighing 3000 gm, Apgar score 8 to 9., physical examination and found no abnormalities. A few days ago, the beginning of shortness of breath and cyanosis phenomenon, rushed to a medical center. Cardiac ultrasound examination found that patients with pulmonary atresia phenomenon, prostaglandin administered by intravenous injection, patients cyanosis improved. So please answer the following three questions: Improved reasons?
",None of the above,1
What is the type of epidemiological study that can produce the strongest evidence when establishing cause-effect relationships ?:,None of the above,3
"A 26-year-old woman, G1P1, 38 weeks of pregnancy, childbirth, baby boy, newborn heart rate 72 beats / min, according to A Page's scoring method (Apgar score), the score at the heart of the breakdown of why?",None of the above,1
Disciform keratitis is seen ?,None of the above,0
Which of the following polycystic kidney disease (renal cystic disease) most commonly hepatic portal area fibrosis?,None of the above,0
Which test is suitable to elicit mouth breathers?,None of the above,0
Early and late suspected instrumental perforation of oesophagus should first be assessed using,None of the above,0
"A 32-year-old man presents to his primary care physician because he has been experiencing fatigue and back pain over the last 2 days. He suffered from malaria after going on vacation 5 years ago and recently started taking a medication to deal with a latent form of this infection. He started developing these symptoms 36 hours after taking the first dose and noticed his urine became progressively darker during that time. On physical exam he is found to have scleral icterus and skin jaundice. Labs are obtained with the following results:

Hematocrit: 32% (Normal: 41%-53%)
Hemoglobin: 10.6 g/dL (Normal: 13.5-17.5 g/dL)
Leukocyte count: 8500/mm3 (Normal: 4500-11,000/mm3)
Platelet count: 273,000/mm3 (Normal: 150,000-400,000/mm3)

Which of the following would most likely be seen on a peripheral blood smear in this patient?",None of the above,1
Insulin inhibits the:,None of the above,1
"Among the different zones seen in the flame of the torch, the zone with the highest temperature is:",None of the above,2
Pheochromocytoma is a tumor that develops in:,None of the above,3
Method of sterilization for fiberoptic laryngoscope:,None of the above,1
A 3 days old baby is admitted with intraventricular hemorrhage. Baby develops abdominal distention. The X-ray abdomen showed pneumatosis poalis. Stage the necrotizing enterocolitis:,None of the above,2
Patient with recurrent aboion diagnosed to have antiphospholipid syndrome. What will be the treatment?,None of the above,1
Most common nerve affected in leprosy,None of the above,0
"Question linked to the image nº24 A 75-year-old man who goes to the emergency room due to abdominal pain and fever of 24 hours of evolution. On physical examination, we found a patient who was feverish, obtunded, hemodynamically unstable, and with a stomach on a table. Abdominal CT is requested, revealing pneumoperitoneum and abundant content in the peritoneal cavity. It is decided to transfer urgently to the operating room. We started resuscitation with fluids and, in view of the need for vasoactive infusion, the resident proceeded to channel the central venous catheter. When observing the color of the blood it shows doubts and requests gasometry realization. Results: pH 7.30; pO2 95 mmHg; pCO2 44 mmHg; HCO3 18 mmol / L; SO2 95%. Point out the FALSE answer:",None of the above,2
First case to come to the attention of investigator?,None of the above,0
"A 34-year-old woman presents to the plastic surgery office 3 months following a rhinoplasty procedure. The patient has been recovering well. However, she has noticed a small whistling noise when she respires through her nose, which you appreciate on physical exam. Which of the following is the most likely cause of this phenomenon?",None of the above,1
"A 62-year-old woman is evaluated because of a 3-day history of headache, nausea, and decreased urination. Laboratory studies show:
Serum
Na+ 136 mEq/L
K+ 3.2 mEq/L
Cl- 115 mEq/L
Mg2+ 1.4 mEq/L
Urine
pH 7.0
Arterial blood gas analysis on room air shows a pH of 7.28 and a HCO3- concentration of 14 mEq/L. Prolonged treatment with which of the following drugs would best explain this patient's findings?""",None of the above,2
Least complication in outlet forceps is:,None of the above,3
"Child is Evasive and dawdling, what could be the child's mother behavior:",None of the above,1
"A 54-year-old man is brought to the emergency department after he was found outside in the middle of a blizzard. On presentation, he is conscious but does not know where he is nor how he got there. His wife is contacted and says that he has been getting increasingly confused over the past 6 weeks. This progressed from misplacing objects to getting lost in places that he knew how to navigate previously. Most worryingly, he has recently started forgetting the names of their children. In addition to these memory changes, she says that he now has rapid jerky movements of his extremities as well as coordination and balance problems. Finally, he has become extremely paranoid about government surveillance and has had hallucinations about secret agents in their house. His previous medical history is significant for a previous car crash in which the patient required internal fixation of a femur fracture and a corneal transplant for corneal degeneration. Otherwise he had no neurologic deficits prior to 6 weeks ago. Physical exam reveals myoclonus and ataxia. Which of the following is true of the most likely cause of this patient's symptoms?",None of the above,0
"Of the following statements about prostate cancer, what's wrong?",None of the above,2
"For their selection, the newly synthesized lysosomal enzymes are marked with:",None of the above,1
Which of the following non-major diseases Staphylococcus bacteria (Staphylococcus species) caused?,None of the above,3
Fox Fordyce disease is a disorder of?,None of the above,3
Discriminate the tone of a sound:,None of the above,0
Mental foramen is located:,None of the above,0
"According to American association of Endodontics, which of following terminology is not mentioned in the glossary of terms:",None of the above,0
A 57-year-old man comes to his office seeking information about the surgical treatment of lower urinary tract symptoms secondary to prostate growth. You have to give him advice about it. Which of the following messages is true?,None of the above,0
"Account of the common bile duct cysts (choledochal cyst), and which of the following error?",None of the above,2
What effect does glucagon promote when interacting with its receptors in liver cells ?:,None of the above,3
Active form of vitamin D in kidney is:,None of the above,2
Ludwig's angina is:,None of the above,0
Structure of chromosomes is studied by?,None of the above,1
Distending capacity of lung is maximum at?,None of the above,0
Which die material gives the most dimensionally acurat die:,None of the above,2
The region of the cerebral cortex that selects the most appropriate strategy to execute a movement based on experience and makes the decision to initiate the movement is:,None of the above,2
The following acidification of the urine will increase the toxicity of the drug's what?,None of the above,1
"A patient of RA is taking methotrexate, steroids and NSAIDs since 4 months but activity of disease progression is same. What should be the next probable step?",None of the above,3
In what processes does lipoprotein lipase work ?:,None of the above,0
The main vessel involved in bleeding from Juvenile nasopharyngeal angiofibroma:,None of the above,2
Lidocaine is used more commonly in dentistry because :,None of the above,2
Which method is used to separate a mixture of lipids -,None of the above,1
It is a venule postcapillary the vessel:,None of the above,1
Which of the following instrument is a derivative of GG drill:,None of the above,0
"Due to loss of alcohol and water from the gel, green shrinkage results. This is seen in:",None of the above,0
"Can cause a strong antibody response in vivo to produce a protein antigen, typically having a characteristic where?",None of the above,2
Most obvious clinical sign in concussion is:,None of the above,0
Which drug is a selective COX 2 inhibitor?,None of the above,0
"The doctor on call asks the blood bank for blood products for a polytraumatized patient of the A + group. If this were not available, which of the following would be the most appropriate alternative treatment?",None of the above,2
HALE is used to measure,None of the above,1
Most common primary site for congenital  tuberculosis is?,None of the above,2
High velocity blows cause the greatest damage to the supporting structures of the dentition but tooth fractures are less frequent. Low velocity impacts result in crown fractures and are usually not associated with damage to the supporting structures.,None of the above,1
Under National Health Mission which committee makes plan for village health?,None of the above,2
"Manuel is a person with advanced COPD, who requires home care. At the last visit he verbally manifested fatigue, weakness and we observed clear signs of dyspnea on exertion. Given the diagnosis of ""Intolerance to Activity"", what NIC intervention would we consider ?:",None of the above,3
The translocation t (15; 17) (q22; q11) is associated with leukemia:,None of the above,2
Aseptate vegetative hyphae are seen in?,None of the above,3
High pull headgear derives support from which region:,None of the above,1
"A 42-year-old woman presents to her obstetrician for a prenatal care appointment at 10 weeks gestation. The patient recently found out she was pregnant after having unprotected intercourse with her husband for the past year. She states that she is feeling well and has experienced some nausea and vomiting. She is currently taking prenatal vitamins and folate supplements. Her temperature is 99.5°F (37.5°C), blood pressure is 127/68 mmHg, pulse is 90/min, respirations are 19/min, and oxygen saturation is 98% on room air. On physical exam, you notice a gravid uterus 10 cm above the pubic symphysis. The patient's external genitalia appear within normal limits. Which of the following is the next best step in management?",None of the above,1
"A 36-year-old woman comes to the physician because of fatigue for 4 months. She is unable to do her chores and complains of excessive sleepiness during the day. She has generalized itching. She has not had abdominal pain, fever, or weight loss. She has had chronic low back pain for 6 years. Her current medications include acetaminophen and vitamin supplements. Examination shows scratch marks over the trunk. The remainder of the examination shows no abnormalities. Laboratory studies show:
Hemoglobin 13.2 g/dL
Leukocyte count 8,300/mm3
Platelet count 280,000/mm3
ESR 32 mm/h
Serum
Glucose 89 mg/dL
Creatinine 0.7 mg/dL
TSH 4.8 μU/ml
Bilirubin
Total 1.4 mg/dL
Direct 0.9 mg/dL
Alkaline phosphatase 480 U/L
Aspartate aminotransferase 62 U/L
Alanine aminotransferase 32 U/L
Total cholesterol 288 mg/dL
HDL-cholesterol 57 mg/dL
LDL-cholesterol 189 mg/dL
Triglycerides 212 mg/dL
γ-Glutamyl transferase 92 U/L (N = 5–50)
Antimitochondrial antibody (AMA) positive
Antinuclear antibody (ANA) positive
Urinalysis shows no abnormalities. Ultrasound of the abdomen shows gallbladder sludge. Which of the following is the most appropriate next step in management?""",None of the above,3
Shadow casting is used in -,None of the above,1
"A non-painful, slowly enlarging benign neoplasm appears as a submucosaL lu nip and exhibits pseudoepitheliomatous hyperplasia in the overlying epithelium, is most probably:",None of the above,2
"A 46-year-old anesthesiologist is found placing several syringes of amobarbital in his backpack prior to leaving the hospital. When confronted, the anesthesiologist admits that he began abusing the medication the previous year, after his divorce was finalized. He has been using it on a daily basis since then, and his most recent usage was 8 hours ago. Which of the following is the most life-threatening complication of amobarbital withdrawal?",None of the above,2
"Before a patient under treatment with levodopa, which of the following recommendations would you do to improve the absorption of the medication ?:",None of the above,3
Enzyme which acts on aspaate,None of the above,1
"The following statements about human avian influenza (avian flu), the what's wrong?",None of the above,1
The Golgi selection of lysosomal enzymes depends on:,None of the above,1
"A 25-year-old woman, no special past history, there is a lump in his right armpit and a weight loss of 5 kg in a month and to the hospital for treatment, the readme no fever, night sweats, cough, shortness of breath or abdominal pain and other symptoms, physical examination in addition to a right armpit 5 × 6 cm, fixed, painless lumps remaining are other than normal, nor palpable breast lumps of. Slice report (incisional biopsy) is a poorly differentiated carcinoma, the next step how to deal with the most appropriate?",None of the above,1
"Statement 1:  It is not advisable to consider permanent crowning until the child is 17 years. 
 Statement 2:   This is because the development of the dentofacial structures would not be complete by  then.",None of the above,0
"A 42-year-old man comes to the physician because of several episodes of rectal bleeding over 2 weeks. He has had pain around the anal area for the past month. Six months ago, he was diagnosed with esophageal candidiasis and was treated with oral fluconazole. He is HIV-positive. He has had 9 male sexual partners over his lifetime and uses condoms inconsistently. The patient's current medications include dolutegravir, tenofovir, and emtricitabine. He is 179 cm (5 ft 10 in) and weighs 66 kg (146 lb); BMI is 20.9 kg/m2. Vital signs are within normal limits. Digital rectal examination and anoscopy show a hard 2-cm mass palpable 0.5 cm above the anal verge that bleeds on contact. There is no inguinal lymphadenopathy. The abdomen is soft and nontender. The CD4+ T-lymphocyte count is 95/mm3(N ≥ 500/mm3). A biopsy confirms the diagnosis. This patient is most likely to benefit from which of the following interventions?",None of the above,0
"A 27-year-old man presents to the emergency department with a chief concern of abdominal pain and diarrhea. The patient states that for the past 4 days he has experienced abdominal pain, diarrhea, weakness and a subjective fever. He also endorses a weight loss of 11 pounds during this time. The patient has a past medical history of celiac disease, constipation, and depression. His current medications include fish oil, a multivitamin, sodium docusate, and fluoxetine. His temperature is 98.5°F (36.9°C), blood pressure is 110/75 mmHg, pulse is 90/min, respirations are 13/min, and oxygen saturation is 98% on room air. Physical exam is notable for a young man in mild distress. Cardiac and pulmonary exams are within normal limits. Abdominal exam is notable for generalized tenderness and increased bowel sounds. Oral exam is notable for multiple shallow painful ulcers. Laboratory values are ordered as seen below:

Hemoglobin: 12 g/dL
Hematocrit: 36%
Leukocyte count: 8,000 cells/mm^3 with normal differential
Platelet count: 227,500/mm^3

Serum:
Na+: 141 mEq/L
Cl-: 101 mEq/L
K+: 4.5 mEq/L
HCO3-: 24 mEq/L
BUN: 17 mg/dL
Glucose: 82 mg/dL
Creatinine: 1.0 mg/dL
Ca2+: 10.1 mg/dL
AST: 12 U/L
ALT: 11 U/L

A stool guaiac test is performed which returns positive. The patient is started on IV fluids and morphine. Which of the following best describes the most likely diagnosis?",None of the above,1
"A 95-year-old woman who is a resident at a long term care facility, got up from her chair, tripped on a rug, and fell on her right knee. She could not get up without assistance and complained of severe pain in her right hip and buttock. The nurse who evaluated her tried to stand her up, but when the patient tried to stand on her right leg, she dropped her left hip and lost her balance. The nurse then recognized that her patient had a foreshortened right leg fixed in the adducted position and a large swelling in her right buttock. At the receiving hospital, the patient was confused and, though she knew her name, she couldn’t remember the date and insists to leave the hospital immediately to see her family. Past medical history includes diabetes, congestive heart failure, and incontinence. She is currently taking metformin, lisinopril, hydrochlorothiazide, metoprolol, and oxybutynin. Physical exam confirmed the nurse’s findings. Radiographs proved the presence of a right posterior hip dislocation without fractures. What medication is most likely associated with this patient’s confusion?",None of the above,1
For determining periodontal disease an epidemiological survey is done by using:,None of the above,2
The most common intracranial tumor in children is –,None of the above,0
"A 41-year-old man presents to his primary care provider with abdominal pain. He says that the pain “comes and goes” throughout the day and usually lasts 20-30 minutes per episode. He can point to the spot 1-2 inches above the umbilicus where he feels the pain. He denies any feeling of regurgitation or nighttime cough but endorses nausea. He reports that he used to eat three large meals per day but has found that eating more frequently improves his pain. He tried a couple pills of ibuprofen with food over the past couple days and thinks it helped. He has gained four pounds since his past appointment three months ago. The patient denies any diarrhea or change in his stools. He has no past medical history. He drinks 5-6 beers on the weekend and has a 20 pack-year smoking history. He denies any family history of cancer. On physical exam, he is tender to palpation above the umbilicus. Bowel sounds are present. A stool guaiac test is positive. The patient undergoes endoscopy with biopsy to diagnose his condition.

Which of the following is most likely to be found on histology?",None of the above,1
Why adenosine has a sho half life?,None of the above,2
"30 year old man, long troubled because of duodenal ulcer, doctors checking arrangements blowing (urea breath test), I ask that this measure is an infection?",None of the above,2
"A 6 weeks old baby presents with cough and cold for the last three days. Respiratory rate is 48/min. Patient is febrile, there are no chest retractions but wheezing is present. Which of the following statement is not true?",None of the above,1
"A 16 years old girl came for evaluation of primary amenorrhea. She was having hirsutism, irregular bleeding and infeility, diagnosed as PCOS. Which of the following drugs should not be given?",None of the above,1
Mean hemoglobin in a 1 year old child is,None of the above,3
"Regarding the processes of Community Participation in Health based on the salutogenic model, the preparation of a map of assets in health implies (indicate the correct answer):",None of the above,0
Which of the following sleep hygiene rules violate help of sleep (sleep hygiene)?,None of the above,0
"A 27-year-old man presents with diarrhea, fatigue and weight loss. He says he has been having occasional loose stools and abdominal pain for the past month, but he did not seek any medical attention because of work deadlines. He says the diarrhea is associated with cramping lower abdominal pain and an urgency to defecate. His stool is loose, occasionally blood-tinged, and contains mucus. He also says he feels fatigued and has lost 11 kg (24 lb) over the last 2 months. The patient denies any fever, sick contacts, or a history of recent travel. No significant past medical history. Family history is significant for colon cancer in his father, who died at the age of 50. On physical examination, the patient has generalized pallor. Abdominal exam reveals mild tenderness to palpation in the left lower quadrant. Laboratory investigations reveal microcytic anemia with an elevated ESR. A colonoscopy with biopsy is performed, which shows inflammation of the sigmoid colon and rectum. Biopsy shows a predominantly lymphoid infiltration of the mucosa and submucosa with multiple crypt abscesses. No evidence of granulomatous disease. What is the mechanism of action of the drug which typically induces remission of this patient’s most likely condition?",None of the above,0
Prevention and control of hypertension guidelines do not include which of the following?,None of the above,1
When formulating the objectives in the Care Plan it is fundamental to formulate them:,None of the above,2
"To avoid a neuromuscular block, administration of the aminoglycoside antibiotic gentamicin should be done:",None of the above,1
Injection of Glucagon is effective for management of persistent hypoglycemia in all EXCEPT –,None of the above,1
Which of these amino acids does not enter the Krebs cycle by forming Acetyl-CoA pyruvate?,None of the above,1
"The following description of the relevant bacterial toxins, what's wrong?",None of the above,1
In what chromatographic mode is the suppressor column used?,None of the above,1
"In Rett's disorder, it appears (n):",None of the above,3
Precentral gyrus & coicospinal tract are essential for?,None of the above,3
Trichomonas vaginalis and the following statements about the condition and what was right?,None of the above,2
Which of the antibiotics reviewed is ototoxic ?:,None of the above,2
The uterine blood flow at term is -,None of the above,3
Most reliable method of recording centric relation,None of the above,0
"Mrs. J.L.G., blood group A Rh negative, has been the mother of two twins, one of them Rh positive and the other A Rh negative). What dose of anti-D gammaglobulin should be administered to this patient taking into account that she did not receive a prophylactic dose between weeks 28 and 30 of gestation ?:",None of the above,3
Binder present in phosphate bonded investment material is:,None of the above,3
Most common tnre of renal carcinoma is -,None of the above,0
Which of the following programs is a specific cognitive-behavioral counseling treatment for the positive symptoms of schizophrenia? :,None of the above,0
Cold mould seal used as a separator is made up of:,None of the above,2
"About girls precocious puberty (Precocious puberty), that ⼀ following items transferred to other pathogenic machine most different?",None of the above,3
The white blood cells are the largest:,None of the above,0
"A 62-year-old woman presents to the emergency department complaining of intense pain in her right knee that started 12 hours ago. Her past medical history is significant for hemochromatosis, managed with biweekly phlebotomy. Her vitals include: blood pressure of 130/70 mm Hg, pulse of 82/min, respiratory rate of 18/min, and temperature of 36.5°C (97.7°F). Physical examination reveals an erythematous, warm, and severely tender right knee with a restricted range of motion. An arthrocentesis is performed, and synovial fluid analysis is significant for a neutrophil count of 3,200 cells/μL, a negative Gram stain, and the following result under polarized light microscopy (see image). Which of the following additional findings would you also expect to observe in this patient?",None of the above,0
A previously healthy 4-month-old girl is brought to the emergency department by her parents because she has not stopped crying for the past 5 hours. Her parents report that she has not eaten anything during this period and that they were unable to calm her down. She has not had any trauma. She was born at term via vaginal delivery and her delivery was uncomplicated. Her vital signs are within normal limits. Examination shows a reddened and swollen 2nd toe of the left foot. A photograph of the left foot is shown. Which of the following is the most likely diagnosis?,None of the above,2
"Sudden death in a patient with an acute myocardial
infarction is most commonly due to",None of the above,3
In obstructive labor most impoant parameter is?,None of the above,1
Sinusoids are a type of:,None of the above,0
